<?xml version="1.0" encoding="UTF-8" standalone="yes"?>
<definitions
        xmlns="http://www.omg.org/spec/BPMN/20100524/MODEL"
        xmlns:activiti="http://activiti.org/bpmn"
        xmlns:bpmndi="http://www.omg.org/spec/BPMN/20100524/DI"
        xmlns:dc="http://www.omg.org/spec/DD/20100524/DC"
        xmlns:di="http://www.omg.org/spec/DD/20100524/DI"
        xmlns:flowable="http://flowable.org/bpmn"
        xmlns:tns="Examples" xmlns:xsd="http://www.w3.org/2001/XMLSchema"
        xmlns:xsi="http://www.w3.org/2001/XMLSchema-instance"
        expressionLanguage="http://www.w3.org/1999/XPath"
        id="m1566963626233"
        name=""
        targetNamespace="Examples"
        typeLanguage="http://www.w3.org/2001/XMLSchema">
  <process id="myprocess" isClosed="false" name="The One Decision Task Process" processType="None">
    <documentation id="oneDecisionTaskProcess_D_1"><![CDATA[This is a process for testing purposes]]></documentation>
    <startEvent id="theStart" name="开始节点"/>
    <sequenceFlow id="flow1" sourceRef="theStart" targetRef="theDecisionTask"/>
    <serviceTask activiti:exclusive="true" flowable:type="dmn" id="theDecisionTask" name="用户1">
      <extensionElements>
        <flowable:field name="decisionTableReferenceKey">
          <flowable:string><![CDATA[decision1]]></flowable:string>
        </flowable:field>
      </extensionElements>
    </serviceTask>
    <sequenceFlow id="flow2" sourceRef="theDecisionTask" targetRef="theEnd"/>
    <endEvent id="theEnd" name="结束节点"/>
  </process>
  <bpmndi:BPMNDiagram documentation="background=#3C3F41;count=1;horizontalcount=1;orientation=0;width=842.4;height=1195.2;imageableWidth=832.4;imageableHeight=1185.2;imageableX=5.0;imageableY=5.0" id="Diagram-_1" name="New Diagram">
    <bpmndi:BPMNPlane bpmnElement="oneDecisionTaskProcess">
      <bpmndi:BPMNShape bpmnElement="theEnd" id="Shape-theEnd">
        <dc:Bounds height="32.0" width="32.0" x="257.0" y="200.0"/>
        <bpmndi:BPMNLabel>
          <dc:Bounds height="32.0" width="32.0" x="0.0" y="0.0"/>
        </bpmndi:BPMNLabel>
      </bpmndi:BPMNShape>
      <bpmndi:BPMNShape bpmnElement="theDecisionTask" id="Shape-theDecisionTask">
        <dc:Bounds height="55.0" width="85.0" x="112.0" y="188.5"/>
        <bpmndi:BPMNLabel>
          <dc:Bounds height="55.0" width="85.0" x="0.0" y="0.0"/>
        </bpmndi:BPMNLabel>
      </bpmndi:BPMNShape>
      <bpmndi:BPMNShape bpmnElement="theStart" id="Shape-theStart">
        <dc:Bounds height="32.0" width="32.0" x="20.0" y="200.0"/>
        <bpmndi:BPMNLabel>
          <dc:Bounds height="32.0" width="32.0" x="0.0" y="0.0"/>
        </bpmndi:BPMNLabel>
      </bpmndi:BPMNShape>
      <bpmndi:BPMNEdge bpmnElement="flow1" id="BPMNEdge_flow1" sourceElement="theStart" targetElement="theDecisionTask">
        <di:waypoint x="52.0" y="216.0"/>
        <di:waypoint x="112.0" y="216.0"/>
        <bpmndi:BPMNLabel>
          <dc:Bounds height="-1.0" width="-1.0" x="-1.0" y="-1.0"/>
        </bpmndi:BPMNLabel>
      </bpmndi:BPMNEdge>
      <bpmndi:BPMNEdge bpmnElement="flow2" id="BPMNEdge_flow2" sourceElement="theDecisionTask" targetElement="theEnd">
        <di:waypoint x="197.0" y="216.0"/>
        <di:waypoint x="257.0" y="216.0"/>
        <bpmndi:BPMNLabel>
          <dc:Bounds height="-1.0" width="-1.0" x="-1.0" y="-1.0"/>
        </bpmndi:BPMNLabel>
      </bpmndi:BPMNEdge>
    </bpmndi:BPMNPlane>
  </bpmndi:BPMNDiagram>
</definitions>
